,Country,City,Latitude,Longitude,Temp,Humidity,Cloudiness,Wind Speed
26974,ph,alayao,14.2818,122.5524,81.98,98,56,2.15
11418,fr,bihorel,49.454685,1.122298,40.17,86,75,9.17
45525,us,cleveland,35.1594444,-84.8766667,26.15,63,90,19.46
13187,gh,kpandae,8.4666667,-0.0166667,79.05,73,20,7.74
24132,mx,mineral del monte,20.133333,-98.666667,50.03,95,76,1.48
45229,us,oak grove,45.4169444,-122.6388889,41.23,56,1,20.8
3899,br,santo amaro,-12.533333,-38.716667,78.8,83,40,11.41
45463,us,easley,34.8297222,-82.6016667,45.1,81,1,2.71
46432,vn,phu ly,20.541110999999997,105.91388899999998,61.1,95,92,13.56
33756,ro,osorheiu,47.033333,22.05,41,93,92,13.87
6771,co,contratacion,6.2900529999999995,-73.473536,55.56,96,64,0.92
37261,ru,nizhnyaya tura,58.6293,59.8118,22.98,80,80,4.61
39494,se,varnamo,57.183333,14.033332999999999,40.06,86,92,13.87
34140,ro,sanpaul,46.45,24.35,25.59,92,0,5.82
33659,ro,nadrag,45.65,22.183332999999998,30.2,92,0,9.17
13790,gr,konitsa,40.0486111,20.7566667,12.81,65,0,1.92
43094,us,mableton,33.818611100000005,-84.5825,43.56,70,75,4.05
37650,ru,pioner,55.3166,85.9508,17.6,92,90,4.47
32673,ro,ciortesti,46.9,27.833333000000003,32,70,0,5.82
10794,es,el escorial,40.584557000000004,-4.127668,35.6,80,20,2.24
19771,in,vuyyuru,16.366667,80.85,68,82,0,4.61
1792,be,vaux-sur-sure,49.916667,5.5833330000000005,39.2,93,80,9.17
20085,it,arenzano,44.4,8.683333,54.41,62,0,11.41
20284,it,castrovillari,39.816666999999995,16.2,28.29,69,0,2.71
4097,br,tangara,-6.183333,-35.816666999999995,78.8,83,40,5.82
7953,cz,hlucin,49.896907,18.191661,33.8,80,0,19.46
26627,pe,chosica,-11.9430556,-76.7094444,60.24,68,68,2.15
18035,in,jorhat,26.75,94.216667,67.98,74,80,2.48
8271,cz,slavkov u brna,49.153157,16.879558,26.44,100,44,3.36
26592,pe,barranca,-10.75,-77.7666667,62.58,97,100,8.86
46374,ve,santa rita,10.5333333,-71.5166667,78.8,74,40,4.7
41481,ua,manchenky,49.980461,35.854233,26.6,92,76,3.04
27812,ph,capalayan,9.740556,125.544444,84.09,89,24,5.17
39885,sr,moengo,5.616666700000001,-54.4,77.03,86,80,3.38
22744,md,drochia,48.035,27.816111,21.68,73,0,3.49
11308,fi,vihti,60.416667000000004,24.333333,39.2,100,90,12.75
23392,mx,arandas,20.7,-102.35,61.77,41,0,13.56
24742,mx,tlanalapan,19.25,-97.266667,51.87,79,36,3.04
11723,fr,laxou,48.683146,6.147995,41.58,87,90,9.17
22476,lu,beringen,49.7583333,6.1169444,40.1,93,92,11.41
22292,lk,gampola,7.164722200000001,80.5766667,74.64,83,0,3.38
29745,ph,san agustin,13.277285999999998,121.304818,69.8,30,5,10.29
39410,se,fagersta,60.0,15.783332999999999,40.14,86,92,14.99
8457,de,altotting,48.233333,12.683333,38.41,74,40,14.99
36395,ru,knyaginino,55.82278,45.034886,18.93,91,80,6.51
18949,in,pasighat,28.066667,95.333333,64.43,55,64,1.81
10335,ec,la mana,-0.9333333,-79.2166667,55.4,87,0,9.17
42669,us,littleton,39.6133333,-105.0161111,32.41,47,90,8.41
24083,mx,manzanillo,19.05,-104.333333,79.95,98,56,3.15
5498,ch,spreitenbach,47.420159000000005,8.363006,36.75,81,75,17.22
6186,cn,luoyang,23.162442000000002,114.273423,36.39,46,12,6.06
6703,co,caramanta,5.5478190000000005,-75.643677,60.33,96,88,1.25
4035,br,satuba,-9.566667,-35.816666999999995,73.4,88,0,3.36
12257,gb,ashford,51.133333,0.883333,39.4,86,0,13.87
26043,no,sira,58.416667000000004,6.633333,69.83,79,0,4.5
12500,gb,eastleigh,50.966667,-1.35,37.98,69,0,11.41
14185,gr,pteleos,39.05,22.95,37.4,69,0,3.36
32496,ro,bulzesti,44.533333,23.883333,35.6,80,0,9.17
21095,it,valenzano,41.033333,16.883333,34.56,86,0,8.05
41867,ua,vynohradove,46.36957,32.939803000000005,38.6,91,8,9.31
39613,sj,longyearbyen,78.2166667,15.633333300000002,26.6,68,75,25.28
46155,us,superior,46.720833299999995,-92.10388890000002,21.51,62,40,12.75
13048,gb,wickford,51.6,0.516667,37.35,91,8,17.22
20501,it,induno olona,45.85,8.833333,38.5,86,90,2.24
46436,vn,rach gia,10.016667,105.08333300000001,83.46,82,12,10.54
45926,us,jefferson,38.8644444,-77.1880556,38.21,59,1,9.19
166,am,arazap,40.042777799999996,44.1458333,28.4,74,24,2.24
30773,pk,hala,25.813083,68.422733,51.15,75,0,8.3
46007,us,lacey,47.0344444,-122.8219444,34.54,84,1,1.92
13798,gr,kormista,40.9833333,24.05,35.6,93,0,2.93
1408,be,blankenberge,51.316666999999995,3.1333330000000004,42.8,60,20,23.04
38520,ru,teeli,51.033333,90.233333,-16.17,20,0,1.7
25412,ni,ocotal,13.633333300000002,-86.4833333,65.82,98,92,2.37
30270,ph,sumalig,7.9986,123.6627,82.56,80,20,4.05
30589,ph,tupang,17.921594,121.64165,72.93,100,100,6.29
20425,it,foggia,41.45,15.566667,38.73,79,0,8.97
20550,it,lonate pozzolo,45.6,8.75,38.23,75,75,2.24
10531,ee,sillamae,59.39972220000001,27.7547222,35.13,100,92,16.46
15984,hu,solymar,47.592457,18.932122,28.4,100,0,4.7
7281,co,san alberto,7.7610660000000005,-73.392201,65.1,71,44,1.7
16803,il,sajur,32.942661,35.341358,36.8,86,0,4.94
24774,mx,tonala,20.616667,-103.233333,69.8,30,5,10.29
26950,ph,agoo,16.083333,120.1,82.11,95,44,21.94
16079,hu,tiszabura,47.45,20.466667,32,91,0,9.17
23342,mx,altamirano,16.736110999999998,-92.038889,61.95,82,80,2.26
20370,it,cossato,45.566666999999995,8.166667,30.18,75,75,2.24
15668,hu,kantorjanosi,47.933333000000005,22.15,37.4,86,76,5.82
32440,ro,brazii,44.766667,26.35,31.12,92,0,6.93
35405,ru,biser,58.413610999999996,58.880278000000004,22.89,70,0,2.59
44343,us,west plains,36.728055600000005,-91.8522222,27.68,53,1,5.82
17655,in,farah,27.333333000000003,77.766667,31.58,70,48,3.38
2725,br,cerquilho,-23.201218,-47.757822,71.6,88,90,4.7
41406,ua,krasnyy kut,48.201376,38.79765,19.29,90,80,2.93
34473,ro,teregova,45.15,22.283333,19.92,70,0,2.59
18566,in,manikpur,25.066667000000002,81.116667,64.29,52,0,4.38
36457,ru,kondratovo,57.9804,56.1066,23,92,75,6.71
42055,us,opelika,32.6452778,-85.3783333,42.4,93,40,3.71
8449,de,alsdorf,50.883333,6.1666669999999995,40.32,86,0,12.75
29503,ph,pili,13.5572,123.2735,84.05,89,8,3.71
33048,ro,floresti,44.763056,22.947778,23.48,83,0,2.82
23762,mx,el fuerte,26.418889,-108.619444,63.03,65,0,3.6
13043,gb,whitehaven,54.55,-3.6,38.87,98,68,21.94
42313,us,farmersville,36.2977778,-119.20583329999998,52.14,43,1,2.59
19041,in,polur,12.5,79.133333,71.72,88,32,4.27
27512,ph,boston,7.871111,126.364167,35.2,74,90,13.67
24923,mx,zacualpan,18.716667,-99.783333,72.09,72,40,8.05
38295,ru,sovetsk,53.936015000000005,37.62774,37.56,100,92,15.79
17100,in,banjar,31.633333,77.35,84.2,74,20,9.17
2609,br,campina grande,-7.216667,-35.883333,68.48,96,64,5.28
11487,fr,chalette-sur-loing,48.013368,2.735871,39.2,93,0,8.05
43850,us,belmont,42.3958333,-71.1791667,57.92,84,75,3.36
16995,in,attur,11.6,78.616667,71.49,91,8,2.93
12025,fr,saint-mande,48.838642,2.415791,38.95,86,0,6.93
24890,mx,xonacatlan,19.402222000000002,-99.5325,65.5,62,75,13.87
37533,ru,palatka,60.1,150.9,53.6,100,90,6.93
940,au,taree,-31.91099,152.453873,80.6,42,56,13.87
11887,fr,noyon,49.583333,3.0,36.54,94,20,9.17
22621,lv,dagda,56.1,27.5333333,33.83,94,64,14.34
45227,us,newport,44.6369444,-124.0522222,39.36,69,40,21.92
20775,it,piazzola sul brenta,45.533333,11.783333,34.92,93,36,1.12
33533,ro,matasaru,44.716667,25.416667,31.1,92,0,6.93
30092,ph,santa teresa,12.251855,121.11251200000001,78.8,88,20,2.26
25593,nl,leerdam,51.895588000000004,5.0917699999999995,40.1,80,75,11.41
28777,ph,maan,5.933889,124.735556,80.4,92,88,3.38
24734,mx,tlalnepantla,19.526944,-99.22166700000001,59.68,45,40,6.93
11038,es,sevilla,37.382408,-5.976133,39.92,87,0,1.12
29912,ph,san lucas,13.7062,123.2032,71.27,47,0,4.38
35287,ru,barguzin,53.61666700000001,109.61666699999999,17.04,76,68,4.38
24525,mx,sombrerete,23.633333,-103.65,52.5,34,0,11.99
23370,mx,anenecuilco,18.766667,-98.983333,73.4,40,40,1.7
38786,ru,ust-shonosha,61.1531,41.343,11.33,76,68,3.15
9639,de,selb,50.166667,12.133333,34.68,93,90,10.29
1685,be,ninove,50.833333,4.016667,39.2,80,75,13.87
38618,ru,tsentoroy,43.006581,46.222348,30.99,99,92,4.94
1461,be,denderleeuw,50.883333,4.066667,39.79,80,75,13.87
1396,be,berloz,50.7,5.216667,39.4,86,40,13.87
1190,ba,puracic,44.546944399999994,18.4766667,20.91,81,0,3.27
11007,es,san andres del rabanedo,42.611745,-5.616708999999999,22.58,72,12,2.82
41899,ua,zakupne,49.119440000000004,26.337564,23.12,79,0,8.63
14905,hn,erandique,14.233333300000002,-88.4666667,64.52,88,64,1.92
978,az,culfa,38.9558,45.6308,24.8,85,75,9.17
9708,de,taucha,51.383333,12.483333,42.13,86,75,16.11
39490,se,uppsala,59.86666700000001,17.633333,40.44,93,40,13.87
13562,gr,filotas,40.6333333,21.7,19.29,95,0,2.04
7876,cz,ceska kamenice,50.800340999999996,14.418459,42.8,81,90,16.11
12993,gb,teignmouth,50.55,-3.4666669999999997,39.2,100,20,19.46
19364,in,shahpura,23.133333,79.666667,51.8,59,0,3.15
18138,in,karaikkudi,10.066667,78.783333,74.64,86,32,4.61
41457,ua,lypcha,48.261075,23.383364,36.35,96,92,6.17
22368,lt,elektrenai,54.7666667,24.6333333,36.5,74,90,10.29
31042,pl,brodnica,53.25,19.4,37.92,97,92,17.36
38608,ru,trudobelikovskiy,45.268527,38.153763,40.22,97,92,11.21
31989,py,san alberto,-24.966667,-54.9,65.1,71,44,1.7
2080,bg,tran,42.8352778,22.6516667,77.43,97,88,3.15
42330,us,glen avon,34.0116667,-117.4838889,68.14,6,1,14.99
24703,mx,tila,17.4,-92.483333,67.89,94,92,0.92
34453,ro,tataru,45.1,26.333333000000003,31.12,92,0,6.93
33002,ro,ernei,46.6,24.65,26.6,92,0,5.82
27064,ph,anuling,14.123882,120.892201,85.17,93,92,4.72
19776,in,wai,17.933332999999998,73.9,67.4,96,76,3.38
3796,br,ribeirao,-8.516667,-35.383333,80.6,74,20,5.82
17116,in,bapatla,15.9,80.466667,73.52,75,0,4.38
27675,ph,cabugao,13.5962,124.2804,77,83,75,9.17
38152,ru,shitkino,56.3703,98.3543,21.5,73,88,7.63
9374,de,neu wulmstorf,53.466667,9.8,42.8,87,92,13.87
41071,tz,nyalikungu,-3.1833332999999997,33.783333299999995,63.12,99,92,0.81
30427,ph,tanza,10.834842,123.011004,82.4,94,90,10.29
1581,be,kampenhout,50.95,4.55,39.87,80,75,13.87
37124,ru,muyezerskiy,63.933333,31.65,15.47,84,88,7.07
29895,ph,san juan,8.706944,124.867222,67.35,57,0,0.92
12085,fr,stiring-wendel,49.2,6.933333,42.8,87,64,17.22
3991,br,sao lourenco,-22.116667,-45.05,63.17,100,92,2.71
15175,hn,santa ana,13.9316667,-87.2713889,71.2,5,1,20.8
29884,ph,san jose,9.7956,118.7483,58.01,38,40,3.36
10278,do,tamboril,19.4833333,-70.6,71.6,100,20,5.82
22270,li,eschen,47.216666700000005,9.516666699999998,40.55,100,75,1.12
18213,in,khajuraho,24.85,79.93333299999999,62.72,38,0,4.27
38884,ru,verkhnyaya khava,51.840446,39.941340999999994,26.6,68,90,8.95
30238,ph,sogod,10.3847,124.9814,84.77,84,12,3.83
24586,mx,tecate,32.566666999999995,-116.63333300000001,71.62,8,1,12.75
38495,ru,tarusa,54.724357,37.172719,14.97,86,48,3.04
18100,in,kampli,15.4,76.616667,72.35,70,8,4.38
4243,br,viana,-3.2166669999999997,-45.0,73.4,100,90,4.7
303,am,margara,40.0336111,44.173888899999994,28.4,74,24,2.24
42265,us,colton,34.0738889,-117.31277779999999,67.59,9,1,6.29
5708,cl,san vicente,-34.433333000000005,-71.083333,68.52,95,20,2.26
8979,de,hechingen,48.35,8.983333,44.6,81,75,14.99
14996,hn,la union,15.7166667,-87.0,71.13,82,8,12.66
8904,de,gladbeck,51.566666999999995,6.983333,41.88,87,75,12.75
31339,pl,sosnowiec,50.272242999999996,19.155039000000002,36.57,69,0,16.11
38865,ru,verkhneye kazanishche,42.735473999999996,47.137803999999996,39.2,66,40,11.18
21798,jp,sugito,36.033333,139.73333300000002,44.22,92,75,3.36
40130,th,chiang klang,19.293778,100.861695,69.8,100,75,1.12
33647,ro,mugeni,46.25,25.216667,26.6,92,0,5.82
3350,br,marilandia,-19.416667,-40.516667,69.24,100,92,3.6
40868,tz,chato,-2.6377778,31.766944399999996,66.63,100,56,1.36
10162,dk,stubbekobing,54.889419999999994,12.040204,44.58,95,8,23.06
20058,it,albino,45.766667,9.783333,40.12,93,75,3.36
18241,in,kharsia,21.966667,83.116667,67.67,73,12,5.61
18841,in,nohar,29.183333,74.766667,44.94,74,0,4.61
11034,es,santona,43.443864000000005,-3.4575709999999997,50.86,93,92,11.41
1528,be,haaltert,50.9,4.0,39.79,80,75,13.87
12526,gb,farnborough,51.266667,-0.733333,38.68,86,0,12.75
40741,tr,yozgat,39.82,34.804444000000004,26.72,90,64,7.4
37692,ru,podstepki,53.5151,49.1355,24.8,92,90,6.71
26820,pe,tumbes,-3.5666667000000003,-80.4413889,77,78,90,3.36
17115,in,bantva,21.486389000000003,70.068889,62.94,91,0,7.96
21638,jp,naze,28.366667,129.48333300000002,59,77,75,14.99
37614,ru,peshkovo,47.018667,39.388446,30.2,80,32,4.47
38515,ru,tayturka,52.869167000000004,103.460833,22.4,84,48,6.73
26708,pe,morrope,-6.5416667,-80.0111111,66.2,82,20,20.8
15927,hu,poroszlo,47.65,20.666667,32,91,0,9.17
7537,co,villavieja,3.220523,-75.218643,39.2,86,0,4.7
27602,ph,burabod,13.2686,123.4162,84.9,84,0,3.04
40129,th,chiang khong,20.261248000000002,100.404613,69.8,100,90,3.04
42058,us,pelham,33.2855556,-86.81,45.46,65,90,3.36
35519,ru,bryansk,53.252089,34.371666,22.17,87,88,7.74
13087,ge,borjomi,41.8375,43.3791667,33.96,93,92,4.83
8709,de,diedorf,48.35,10.766667,39.47,75,92,11.41
33641,ro,movileni,44.366667,24.65,35.6,80,0,9.17
13210,gh,takoradi,4.883333299999999,-1.75,79.82,100,44,5.73
39579,si,sencur,46.2455556,14.419722199999997,24.51,100,75,3.36
7464,co,titiribi,6.062765,-75.79370300000001,62.6,93,75,2.24
43306,us,lisle,41.8011111,-88.07472220000001,22.03,62,1,11.41
12496,gb,earlston,55.63333299999999,-2.666667,31.32,74,0,6.93
37759,ru,preobrazheniye,42.901944,133.906389,4.67,50,0,2.93
23454,mx,banon,23.183332999999998,-102.483333,37.4,86,0,1.12
22656,lv,sabile,57.05,22.5833333,42.8,100,90,19.46
29642,ph,real,15.8085,120.3468,82.4,94,90,10.29
8184,cz,ostrov,50.307349,12.94792,32,98,92,8.95
32479,ro,budacu de jos,47.083333,24.516667,26.6,92,0,5.82
21954,jp,yoshii,36.25,138.98333300000002,46.4,55,75,3.36
36596,ru,krasnoye,52.7295,39.1629,35.6,74,0,6.71
10760,es,castro-urdiales,43.382855,-3.2204330000000003,50.94,93,92,3.36
35002,rs,sremcica,44.676944,20.393056,32.83,68,0,8.05
35448,ru,bolokhovo,54.083777000000005,37.82895,14.34,83,44,3.04
23901,mx,imuris,30.783333000000002,-110.86666699999999,41.88,35,0,20.27
14529,gt,nueva concepcion,14.2,-91.3,69.15,74,0,2.37
35994,ru,ilek,51.527091,53.383061,22.58,90,92,7.4
27646,ph,cabanbanan,10.0852,122.9579,82.4,94,90,10.29
12536,gb,fochabers,57.61666700000001,-3.083333,24.58,80,40,28.86
44058,us,grosse pointe farms,42.4091667,-82.8919444,26.6,68,90,16.11
43222,us,carol stream,41.9125,-88.13472220000001,21.96,62,1,11.41
34601,ro,urziceni,44.716667,26.633333,31.12,92,0,6.93
31353,pl,suchedniow,51.040683,20.829716,33.24,81,0,15.79
24294,mx,pericos,25.05,-107.7,73.4,64,75,6.93
8980,de,heddesheim,49.505556,8.603611,43.72,87,75,11.41
14937,hn,jocon,15.2833333,-86.9666667,73.4,100,75,5.82
9472,de,poing,48.166667,11.816667,40.84,48,90,10.29
39608,si,zalec,46.2536111,15.1675,38.59,95,76,11.41
4788,ca,middleton,44.95,-65.06666700000001,36.21,93,40,8.05
46454,vn,vung tau,10.35,107.066667,84.2,79,40,1.12
22609,lv,akniste,56.1666667,25.75,34.32,93,92,9.75
42451,us,oildale,35.4197222,-119.0186111,52.95,35,1,5.82
11177,et,hirna,9.216667,41.1,38.42,82,0,2.59
16838,in,agra,27.183333,78.016667,54.3,59,0,5.95
29949,ph,san narciso,15.0143,120.0803,79.99,88,75,3.36
18660,in,mudhol,16.35,75.283333,69.42,95,0,4.5
16684,ie,monaghan,54.25,-6.9666667,32,87,90,11.41
12508,gb,edinburgh,55.95,-3.2,33.8,74,0,6.93
11062,es,tias,28.961076000000002,-13.645021,62.4,63,0,16.11
43795,us,mays chapel,39.4330556,-76.64972220000001,39.34,60,40,9.19
30613,ph,union,9.756667,126.11027800000001,38.91,48,90,5.73
29420,ph,panubigan,7.4281,123.3466,79.37,100,36,1.59
6702,co,caracoli,6.409196,-74.757153,67.22,91,76,2.04
42728,us,orange,41.2783333,-73.0261111,71.8,8,1,11.41
644,at,kirchbichl,47.516667,12.083333,28.4,79,75,12.75
27541,ph,buenlag,15.9602,120.4017,82.4,83,40,4.7
5280,ch,bagnes,46.083333,7.216667,25.29,74,75,1.12
41925,ua,zhurivka,50.502756,31.784917,39.2,93,90,6.71
28484,ph,kumalarang,7.7478,123.1445,80.67,99,80,1.14
33433,ro,luica,44.233333,26.583333000000003,31.1,79,0,8.05
41808,ua,uhryniv,48.955196,24.692923999999998,34.59,80,0,14.56
7888,cz,cheb,50.075777,12.374676,34.66,93,90,10.29
9579,de,sassenberg,52.0,8.05,41,86,40,11.41
8851,de,friesenheim,49.498333,8.422778,46.4,81,90,10.29
43897,us,haverhill,42.7761111,-71.07777779999999,36.28,74,90,13.67
5750,cm,doume,4.2333333,13.45,69.42,93,12,3.27
15555,hu,fenyeslitke,48.271333,22.100091,37.74,93,76,12.33
13001,gb,tillicoultry,56.15,-3.75,34.41,74,0,6.93
23056,mq,fort-de-france,14.6,-61.0833333,77,88,64,12.75
21808,jp,suzaka,36.65,138.316667,37.4,69,75,5.82
40252,th,photharam,13.692336,99.849692,82.7,80,24,4.27
11020,es,santa brigida,28.031968,-15.50425,60.8,51,0,3.36
25728,nl,weesp,52.30773,5.039749,41.47,80,40,20.8
8864,de,gaggenau,48.8,8.333333,45.77,81,92,17.22
25716,nl,voerendaal,50.879763,5.934949,39.72,93,88,11.41
43215,us,buffalo grove,42.15138889999999,-87.9597222,22.01,48,1,12.75
5259,ch,aarau,47.389616,8.052354,36.93,100,92,4.7
10079,dk,nexo,55.058981,15.132814999999999,44.6,87,92,24.16
6598,co,anzoategui,4.629963,-75.09539000000001,73.4,100,75,3.36
20480,it,gravina in puglia,40.816666999999995,16.416667,36.61,86,0,8.05
20357,it,corciano,43.133333,12.283333,40.26,100,44,8.52
23520,mx,capula,19.7,-101.8,66.2,68,5,3.27
3803,br,rio casca,-20.216667,-42.65,66.32,95,92,5.17
44535,us,guttenberg,40.7919444,-74.0041667,39.67,41,90,8.86
34985,rs,ruma,45.008055999999996,19.822222,32.94,100,0,3.36
29496,ph,pila,14.2325,121.3648,39.32,97,92,18.48
21404,jp,iwakura,35.283333,136.866667,44.6,87,75,8.05
2854,br,encantado,-29.25,-51.883333,64.83,98,0,1.92
37430,ru,oksovskiy,62.60623399999999,39.898447,13.08,83,64,2.82
33605,ro,mociu,46.8,24.033333,25.74,85,90,2.48
24838,mx,venustiano carranza,25.35,-102.95,64.87,45,40,6.93
23862,mx,huatulco,15.843611,-96.326667,80.6,100,5,8.19
31292,pl,pszczyna,49.976483,18.947323,35.58,69,0,16.11
39921,sv,el paisnal,13.973611100000001,-89.21861109999999,78.39,83,75,2.24
2296,br,almeirim,-1.533333,-52.566667,81.48,76,0,5.39
30610,ph,union,11.7612,121.8963,38.91,48,90,5.73
22992,mm,kyaikkami,16.08,97.5675,85.62,76,0,3.83
6381,cn,weifang,36.71,119.10194399999999,37.29,33,0,9.98
10395,ec,valdez,1.2491667,-78.9830556,77.88,98,68,8.63
30263,ph,sula,15.457251999999999,120.395532,82.4,83,40,4.7
29836,ph,san isidro,8.486388999999999,125.971667,60.24,68,68,2.15
44697,us,babylon,40.695555600000006,-73.32611109999999,40.12,48,90,8.05
6215,cn,nanchang,28.55,115.933333,48.36,72,0,13.78
9193,de,leinfelden-echterdingen,48.7,9.15,44.6,81,75,14.99
17788,in,gulaothi,28.6,77.783333,50,57,0,4.7
11213,fi,espoo,60.216667,24.666667,39.2,100,90,12.75
44513,us,east brunswick,40.4277778,-74.41638890000002,37.29,48,90,7.18
37839,ru,pyatnitskoye,50.4233,37.8273,17.94,81,36,2.93
32134,ro,apostolache,45.133333,26.266666999999998,30.2,92,0,6.93
6198,cn,meihekou,42.527221999999995,125.675278,13.8,61,48,8.97
18630,in,mirganj,28.55,79.2,55.02,91,0,5.73
28970,ph,mambog,15.3137,120.0304,79.7,83,40,4.7
31241,pl,nowy tomysl,52.316477,16.133629,41.86,75,90,11.41
5744,cm,bogo,10.736111099999999,14.610833300000001,84.45,97,8,2.15
10108,dk,rodby,54.694952,11.38885,44.18,96,0,22.62
37161,ru,navoloki,57.46571899999999,41.963443,15.24,85,56,7.07
34188,ro,scheia,46.933333000000005,27.516666999999998,37.4,59,0,14.99
4390,by,orsha,54.51527779999999,30.4052778,31.62,90,92,9.75
12071,fr,sete,43.406283,3.6930410000000005,42.8,87,68,2.24
9549,de,rotenburg,50.983333,9.716667,42.37,86,75,11.41
31211,pl,miedzyrzecz,52.447891000000006,15.581651999999998,42.8,75,90,11.41
41637,ua,preobrazhenka,47.571938,35.816666,33.8,100,75,2.24
9735,de,troisdorf,50.816666999999995,7.1666669999999995,42.8,87,75,14.99
6179,cn,lubu,23.174221,112.28093600000001,58.22,63,0,7.85
30550,ph,tubay,9.166944,125.52388899999998,84.5,87,0,6.29
22741,md,comrat,46.300278000000006,28.657221999999997,27.08,75,0,3.49
5849,cn,bijie,27.3125,105.29416699999999,37.74,100,92,3.71
38237,ru,sokur,55.2092,83.2223,21.2,85,90,4.47
41775,ua,synevyr,48.487448,23.62575,33.06,94,80,6.4
8093,cz,lovosice,50.514231,14.052128,40.96,56,20,17.22
4435,ca,atikokan,48.75,-91.616667,13.44,78,48,6.62
3161,br,iuna,-20.35,-41.533333,65.73,95,88,3.71
45090,us,pickerington,39.8841667,-82.75361109999999,23.79,62,90,6.93
44248,us,meridian,32.3641667,-88.70361109999999,27.19,100,0,2.93
14335,gr,varnavas,38.216666700000005,23.9166667,39.2,80,20,4.38
10099,dk,padborg,54.826572,9.362473,41.59,81,20,10.29
39208,ru,zavetnoye,44.7492,41.5995,26.49,76,56,13.67
23903,mx,iramuco,19.95,-100.916667,49.71,86,0,3.15
83,al,corovode,40.5041667,20.227222199999996,20.15,72,0,1.25
41407,ua,krasnyy luch,48.139542,38.93715,68,45,0,4.38
27182,ph,bais,9.5375,123.0981,86,79,20,4.7
10456,ee,kohila,59.168055599999995,24.7575,37.4,100,90,8.05
31080,pl,dobre miasto,53.987652000000004,20.390809,36.08,93,80,17.92
3536,br,padre bernardo,-15.35,-48.5,73.25,80,48,3.38
41265,ua,dubno,50.416937,25.734325,30.77,88,0,14.34
15605,hu,hajduszovat,47.383333,21.483333,41,94,88,13.87
40635,tr,konya,37.871354,32.484636,21.2,85,0,2.24
24917,mx,zacatepec,18.65,-99.2,73.4,40,40,1.7
28559,ph,lanuza,9.234167,126.064444,85.53,77,12,1.36
12092,fr,tarascon,43.805769,4.665598,44.87,93,80,3.71
27479,ph,bocaue,14.798333,120.926111,82.4,94,90,10.29
22539,lu,leudelange,49.5683333,6.0652778,39.81,93,36,9.17
44477,us,seabrook,42.894722200000004,-70.8716667,39.11,48,75,5.82
40887,tz,ilembula,-8.9,34.5833333,62.63,94,88,5.95
26641,pe,eten,-6.9080556,-79.8641667,66.2,82,20,20.8
36097,ru,kadyy,57.787037,43.190288,12,100,32,7.85
10204,dk,vildbjerg,56.2,8.766667,40.03,80,56,23.04
17540,in,devaprayag,30.15,78.616667,53.27,68,0,3.6
37304,ru,novogagatli,43.456769,46.481753000000005,30.99,99,92,4.94
11691,fr,jouy-le-moutier,49.010676000000004,2.040282,39,93,0,6.93
16735,il,ashqelon,31.669256,34.571490000000004,50,76,0,3.36
37505,ru,osinovo,55.8809,48.881,21.2,100,90,6.71
45511,us,sturgis,44.4097222,-103.5086111,22.62,73,90,10.29
16518,id,sukaraja,-7.458056,109.28805600000001,79.28,80,8,1.7
5443,ch,oberentfelden,47.360291,8.039193,35.98,100,92,4.7
46213,uy,rio branco,-32.5666667,-53.4166667,77,83,0,1.59
14036,gr,nikoklia,40.9333333,23.4333333,35.6,80,0,2.24
17771,in,gorur,12.819444,76.071667,68.43,100,68,4.27
26408,pa,el coco,8.4,-80.35,79.9,94,40,3.27
36559,ru,krasnogvardeyskoye,45.099969,39.544536,30.27,94,88,7.74
24142,mx,mocorito,25.483333,-107.91666699999999,69.51,52,0,9.19
32635,ro,chiheru de jos,46.683333000000005,24.883333,26.6,92,0,5.82
24937,mx,zaragoza,21.283333,-97.716667,36.73,79,40,4.7
19763,in,virpur,23.183332999999998,73.483333,65.91,80,0,12.55
24443,mx,san juan del rio,20.383333,-100.0,64.4,45,40,6.93
30003,ph,san roque,15.261463000000001,120.651831,50,93,0,2.24
21489,jp,kitaibaraki,36.783333,140.75,42.8,75,75,9.17
38784,ru,ust-omchug,61.15,149.633333,-34.13,0,32,2.59
21938,jp,yasugi,35.433333000000005,133.25,46.4,100,40,14.99
3148,br,itirucu,-13.516667000000002,-40.15,70.05,96,24,5.61
6866,co,fomeque,4.487967,-73.897488,67.66,62,40,4.7
42537,us,san marino,34.1213889,-118.10555559999999,48.18,76,0,9.17
341,am,odzun,41.0538889,44.611388899999994,23.3,84,88,5.39
20906,it,san giorgio del sannio,41.066666999999995,14.85,45.18,81,40,2.71
6806,co,distraccion,10.896933,-72.886099,82.4,69,40,9.17
42335,us,grand terrace,34.033888899999994,-117.31277779999999,67.57,9,1,6.29
34600,ro,urziceni,47.733333,22.4,31.12,92,0,6.93
399,am,vardadzor,40.1916667,45.1875,28.4,74,88,2.24
42576,us,spring valley,32.7447222,-116.99805559999999,53.55,11,1,6.06
12368,gb,cairneyhill,56.05,-3.5333330000000003,34.43,74,0,6.93
42014,ug,tororo,0.6847222,34.1811111,61.41,90,0,2.82
46452,vn,vinh,18.666667,105.66666699999999,64.65,100,92,14
5907,cn,daye,30.083333000000003,114.95,44.76,92,0,4.72
1513,be,genappe,50.6,4.45,39.47,93,0,10.29
7837,cz,bohusovice nad ohri,50.494477,14.149776000000001,40.98,56,20,17.22
36795,ru,leskolovo,60.255784999999996,30.428929999999998,24.8,92,90,15.66
32892,ro,derna,47.2,22.3,41,95,88,13.87
35534,ru,burla,53.3362,78.3301,68.52,74,32,11.43
42714,us,meriden,41.53805560000001,-72.8075,37.6,44,90,4.7
24735,mx,tlalnepantla,19.0,-98.983333,59.68,45,40,6.93
5909,cn,dehui,44.533333,125.7,6.8,65,75,8.95
42068,us,sylacauga,33.173055600000005,-86.2516667,44.62,93,40,3.38
43985,us,swampscott,42.470833299999995,-70.9180556,35.76,74,90,13.67
3112,br,itapecerica,-20.466667,-45.116667,66.36,99,100,7.4
22012,ke,luanda,0.3077778,34.0586111,77,83,75,6.93
36077,ru,izhmorskiy,56.193999999999996,86.6414,18.12,86,76,6.4
20765,it,pesaro,43.9,12.916667,46.33,76,0,9.17
44904,us,havelock,34.8788889,-76.9016667,45.19,87,90,4.7
23850,mx,hoctun,20.866667,-89.2,78.8,78,75,3.36
44655,us,wyckoff,41.00944439999999,-74.1733333,37.63,47,90,5.73
4702,ca,kenora,49.766667,-94.466667,16.74,92,90,9.17
25792,no,birkeland,58.333332999999996,8.233333,39.2,100,0,17.22
41995,ug,moyo,3.6280556000000006,31.753611100000004,61.32,82,0,2.37
12501,gb,east linton,55.983332999999995,-2.65,33.8,74,0,6.93
31085,pl,elblag,54.1522,19.408841,39.2,86,75,12.75
2281,br,aimores,-19.5,-41.066666999999995,67.8,100,100,3.15
15793,hu,mezoszilas,46.811093,18.477891,39.81,91,0,14.23
30323,ph,tagasilay,7.301782000000001,122.25791299999999,86,74,40,4.7
15830,hu,nagyoroszi,48.005028,19.090503,22.96,100,68,4.7
13671,gr,kardamaina,36.781388899999996,27.1425,48.2,57,20,6.93
7958,cz,holice,50.069728999999995,15.992835999999999,39.09,60,0,8.05
13058,gb,witham,51.783333,0.633333,37.06,69,8,13.87
18951,in,patancheru,17.531389,78.265,64.33,77,8,7.96
34239,ro,sieu-odorhei,47.15,24.316667000000002,24.8,85,90,2.15
2868,br,espirito santo do pinhal,-22.2,-46.75,71.6,100,40,1.12
45110,us,springboro,39.5522222,-84.2333333,22.62,62,1,4.7
31888,py,ayolas,-27.4,-56.9,77.93,75,0,4.72
36103,ru,kalachinsk,55.052862,74.57511099999999,8.63,80,32,9.31
28945,ph,malitubog,7.315556,124.638056,81.08,100,20,3.94
24036,mx,las rosas,16.4,-92.383333,76.4,51,0,6.62
38541,ru,terskaya,43.723763,44.724422,30.99,100,92,4.61
35553,ru,chaadayevka,53.11355,45.967559,21.45,88,92,4.72
38922,ru,vinzili,56.959377,65.77079599999999,21.2,73,0,13.42
24271,mx,panuco,24.533333,-104.333333,57.2,71,90,11.41
32363,ro,bogdan voda,47.7,24.266667,30.95,98,92,2.37
33860,ro,pitesti,44.85,24.866667,17.13,67,0,2.37
19572,in,tawang,27.583333000000003,91.866667,41.75,60,20,1.14
13995,gr,nea pella,40.7661111,22.4855556,35.6,80,0,2.24
23573,mx,chicomuselo,15.766667000000002,-92.266667,69.2,59,32,1.14
16656,ie,kilcock,53.402222200000004,-6.6708333,33.8,99,75,17.22
32985,ro,dumbraveni,47.65,26.416666999999997,24.66,92,0,5.82
40220,th,non sang,16.868696,102.566422,78.76,83,44,2.24
15645,hu,janoshida,47.383333,20.066667000000002,30.2,91,0,9.17
29054,ph,maria aurora,15.7967,121.4737,81.62,79,56,1.59
3588,br,parobe,-29.633333,-50.833333,71.64,94,0,3.36
10147,dk,stavnsholt,55.814788,12.405453999999999,42.21,87,75,16.11
42503,us,richmond,37.9358333,-122.34666670000001,35.92,60,75,3.36
